Area Type,Area Name,Date,Initial Claims,First Payments,Weeks Claimed,Weeks Compensated,Average Weekly Benefit*,Benefits Paid,Final Payments
State,California,05/31/2019,165668,67271,1401731,1271473,332.83,415288831.0,39807
State,California,06/30/2019,171149,60666,1329575,1216991,335.48,400147877.0,37074
State,California,07/31/2019,174565,76047,1371719,1230883,335.65,405902175.0,36184
State,California,08/31/2019,155475,68722,1274726,1139103,335.41,375913234.0,31154
State,California,09/30/2019,144626,56545,1269672,1156311,337.8,382141447.0,31644
State,California,10/31/2019,175585,60557,1158564,1037992,338.03,344354481.0,30270
State,California,11/30/2019,178216,63692,1129274,1012656,337.75,335691642.0,29152
State,California,12/31/2019,198750,85460,1532309,1381424,338.79,460405341.0,37461
State,California,01/31/2020,222158,102237,1545854,1379887,341.65,465399622.0,34854
State,California,02/29/2020,161349,80823,1458078,1314529,338.9,440124177.0,30937
State,California,04/30/2019,177476,66142,1542987,1421254,331.3,461854911.0,37761
State,California,03/31/2019,169402,73080,1661855,1539357,331.02,500094418.0,35359
State,California,02/28/2019,166184,87502,1503910,1370303,332.49,447980193.0,31796
State,California,01/31/2019,227864,109155,1599105,1444592,334.35,474738324.0,37040
State,California,12/31/2018,192677,85105,1499097,1370197,331.43,445687683.0,35742
State,California,11/30/2018,184996,67875,1173067,1060348,331.65,344650568.0,29388
State,California,10/31/2018,180666,66770,1251751,1132942,331.86,368371892.0,33229
State,California,09/30/2018,134915,51831,1194159,1097724,330.74,355378747.0,30466
State,California,08/31/2018,160965,72825,1339571,1205168,329.15,389425634.0,33250
State,California,08/31/2018,160965,72825,1339571,1205168,329.15,389425634.0,33250
State,California,07/31/2018,173213,79015,1457949,1318562,330.19,426470927.0,38292
State,California,06/30/2018,172920,62656,1271182,1154586,330.17,373174221.0,35870
State,California,05/31/2018,175056,65947,1427770,1307657,327.2,418886098.0,41743
State,California,04/30/2018,180154,71049,1663925,1540770,325.81,492130941.0,43879
State,California,03/31/2018,176923,74525,1612852,1481557,325.01,473340522.0,36569
State,California,02/28/2018,155227,85082,1542228,1403082,326.07,449966910.0,34747
State,California,01/31/2018,236303,102980,1666688,1506507,329.3,488346019.0,40606
State,California,12/31/2017,184472,83023,1520759,1384142,326.04,443312240.0,38082
State,California,11/30/2017,200609,75973,1320549,1192735,326.13,380489900.0,34288
State,California,10/31/2017,189583,68456,1379328,1258278,326.45,401486972.0,36693
State,California,09/30/2017,152720,56824,1249028,1134840,326.48,362054373.0,31979
State,California,08/31/2017,172244,76627,1459867,1315418,325.48,419551351.0,36969
State,California,07/31/2017,182860,77887,1521318,1382634,327.14,442417819.0,40417
State,California,06/30/2017,190918,70843,1432340,1303591,326.69,416841560.0,38984
State,California,05/31/2017,177941,69246,1521723,1399490,326.03,445715846.0,42809
State,California,04/30/2017,182438,68400,1632289,1514432,322.44,477455284.0,41980
State,California,03/31/2017,186064,83538,1798839,1655416,320.43,520147642.0,40227
State,California,02/28/2017,188529,96281,1686128,1536582,321.5,484966716.0,37449
State,California,01/31/2017,241626,114992,1847177,1680845,321.9,532450473.0,44318
State,California,12/31/2016,208877,86542,1525421,1379087,317.05,429645509.0,37748
State,California,11/30/2016,205788,79122,1426134,1288851,317.18,400121027.0,37034
State,California,10/31/2016,193086,69031,1416046,1289102,318.86,401761181.0,38871
State,California,09/30/2016,163591,62238,1335340,1206372,318.25,374884843.0,33282
State,California,08/31/2016,189163,81794,1607064,1451703,317.0,451058704.0,39827
State,California,07/31/2016,179184,80421,1484426,1338752,318.39,416833097.0,38182
State,California,06/30/2016,208786,74773,1480853,1341793,318.38,416899766.0,38019
State,California,05/31/2016,181290,74992,1628792,1495892,316.13,462214043.0,45805
State,California,04/30/2016,196427,73587,1596757,1460805,311.63,444590434.0,41139
State,California,03/31/2016,196707,85590,1815558,1658489,310.39,504763417.0,40666
State,California,02/29/2016,193461,100307,1781759,1621905,311.23,495983664.0,39300
State,California,01/31/2016,238406,110609,1732020,1559267,313.83,479693465.0,41906
State,California,12/31/2015,236318,96407,1687130,1514061,308.09,455683635.0,40312
State,California,11/30/2015,192031,80077,1472908,1334849,308.52,402632677.0,39113
State,California,10/31/2015,196942,70163,1343335,1203031,308.48,360846453.0,36592
State,California,09/30/2015,177334,69208,1458174,1311599,308.27,393235141.0,36882
State,California,08/31/2015,181893,78750,1579822,1430803,308.14,430720395.0,40324
State,California,07/31/2015,214067,91663,1618074,1437770,308.77,431313333.0,41579
State,California,06/30/2015,204232,73766,1611330,1471076,309.94,443815634.0,44657
State,California,05/31/2015,173189,71491,1494882,1361688,306.71,407921539.0,44259
State,California,04/30/2015,215537,81558,1790293,1636988,302.76,483534061.0,48025
State,California,03/31/2015,189420,87658,1915451,1754339,301.88,518812181.0,45918
State,California,02/28/2015,198193,97701,1755627,1586301,302.55,471482212.0,41365
State,California,01/31/2015,239200,113814,1829474,1640925,305.08,491554072.0,46168
State,California,12/31/2014,246132,103069,1969923,1783777,302.52,528678137.0,51414
State,California,11/30/2014,203538,78168,1435352,1285843,302.24,379382763.0,39462
State,California,10/31/2014,226179,79353,1598258,1429981,304.15,422301083.0,45692
State,California,09/30/2014,192728,71422,1641965,1491852,304.76,443448014.0,45842
State,California,08/31/2014,205678,82114,1652784,1478176,303.51,437672927.0,42890
State,California,07/31/2014,247115,101524,1883406,1679352,303.93,496441999.0,51705
State,California,06/30/2014,251475,79916,1785698,1624007,305.18,481432395.0,50473
State,California,05/31/2014,228860,82239,1829032,1647578,302.63,483388849.0,53907
State,California,04/30/2014,279963,98670,2255512,2058251,299.1,596832473.0,59885
State,California,03/31/2014,245061,101006,2131213,1933840,297.47,536549083.0,48427
State,California,02/28/2014,253300,118891,2149803,1922003,298.49,535682270.0,49131
State,California,01/31/2014,300546,131108,2267224,2025275,302.88,574757636.0,56056
State,California,12/31/2013,310075,107454,2142743,1925743,301.93,543250540.0,55924
State,California,11/30/2013,278854,88095,1734192,1489951,303.16,418888773.0,44431
State,California,10/31/2013,323811,85655,1863427,1689493,304.65,482783548.0,52931
State,California,09/30/2013,139240,68520,1536660,1428981,304.5,430930811.0,46083
State,California,08/31/2013,213801,100836,1947022,1739251,302.67,500469644.0,48597
State,California,07/31/2013,244713,112260,2301244,1899242,303.13,550301813.0,56969
State,California,06/30/2013,225003,82758,1753275,1567120,303.59,452382620.0,47575
State,California,05/31/2013,235240,91468,2038665,1831133,300.95,522784956.0,58601
State,California,04/30/2013,225171,90669,2174479,1941687,296.88,550663791.0,57523
State,California,03/31/2013,219763,99209,2140680,1933124,295.42,544677783.0,54278
State,California,02/28/2013,234183,109391,2086478,1866583,296.19,527479352.0,50802
State,California,01/31/2013,290008,130963,2353153,2080491,298.87,593511502.0,60937
State,California,12/31/2012,242431,104710,2130228,1904577,296.14,537643826.0,57199
State,California,11/30/2012,241371,91921,1858052,1641624,296.32,459802318.0,49266
State,California,10/31/2012,255021,96365,2110664,1875831,296.82,526425283.0,57363
State,California,09/30/2012,200592,78575,1792004,1592199,297.56,447877273.0,45512
State,California,08/31/2012,244177,103747,2181051,1929842,296.82,543591058.0,55560
State,California,07/31/2012,258130,119074,2196699,1931138,296.8,545364270.0,61171
State,California,06/30/2012,268326,90996,1953825,1740470,296.93,488908667.0,52766
State,California,05/31/2012,254830,96963,2236265,2009210,295.25,560802946.0,64413
State,California,04/30/2012,252699,100007,2327610,2109887,291.98,585011725.0,67988
State,California,03/31/2012,238149,100578,2346117,2127301,291.54,587706365.0,57756
State,California,02/29/2012,254961,120339,2431901,2189476,292.21,607597992.0,58592
State,California,01/31/2012,305011,145343,2538112,2266687,293.3,633914835.0,69154
State,California,12/31/2011,281142,105348,2209100,1975984,291.88,545013134.0,57603
State,California,11/30/2011,278977,106160,2221183,1978887,292.98,546033018.0,57898
State,California,10/31/2011,267980,98472,2049865,1824961,294.76,505840117.0,58172
State,California,09/30/2011,239485,85547,2040218,1821750,294.86,504422372.0,51942
State,California,08/31/2011,262376,114907,2536645,2268158,293.55,630604200.0,65227
State,California,07/31/2011,273249,126048,2193626,1926190,294.69,535739782.0,62858
State,California,06/30/2011,314735,108124,2397699,2153607,296.54,601353430.0,64002
State,California,05/31/2011,258060,99621,2327937,2104334,293.31,581253393.0,69520
State,California,04/30/2011,283730,106961,2388169,2157094,290.92,590744787.0,72694
State,California,03/31/2011,285902,115547,2791713,2545644,290.78,698994248.0,69118
State,California,02/28/2011,263505,122419,2489130,2250991,289.76,616568429.0,63935
State,California,01/31/2011,315606,155054,2722523,2434293,292.64,676217129.0,78031
State,California,12/31/2010,355398,127644,2717178,2440297,292.64,673208997.0,72314
State,California,11/30/2010,305008,114435,2524214,2254949,292.19,618882402.0,69736
State,California,10/31/2010,287643,111419,2309895,2044081,296.6,567197999.0,67009
State,California,09/30/2010,285991,101062,2590473,2323206,299.55,654230331.0,71475
State,California,08/31/2010,293979,122132,2770985,2470727,299.23,699085678.0,76257
State,California,07/31/2010,339181,140795,2694127,2374226,302.95,678284333.0,78474
State,California,06/30/2010,339478,118682,2953620,2662889,305.24,765500784.0,82083
State,California,05/31/2010,291288,112563,2755318,2463848,303.94,703538993.0,80797
State,California,04/30/2010,349026,135453,3125408,2803128,303.52,802019768.0,89524
State,California,03/31/2010,320885,141034,3440006,3119065,303.09,894968931.0,88748
State,California,02/28/2010,298478,148757,3071468,2747895,305.82,795980496.0,81924
State,California,01/31/2010,375795,149789,3109855,2767198,308.18,811665382.0,92773
State,California,12/31/2009,331315,146405,3455257,3092739,307.98,902731674.0,98733
State,California,11/30/2009,300164,127541,3048214,2730458,308.46,797674117.0,91632
State,California,10/31/2009,319008,124397,3019694,2684585,313.77,796278515.0,95837
State,California,09/30/2009,298986,120766,3309114,2980871,317.56,900672636.0,102375
State,California,08/31/2009,280287,134246,3382071,3047177,316.47,923191649.0,103747
State,California,07/31/2009,352561,161145,3643356,3278431,318.66,1000599954.0,104825
State,California,06/30/2009,336995,136970,3628301,3295867,318.82,1006227574.0,95950
State,California,05/31/2009,270259,134063,3377688,3059632,317.12,929627986.0,88568
State,California,04/30/2009,336317,161174,3734965,3387605,314.81,1024630103.0,85718
State,California,03/31/2009,327215,177947,3744725,3377234,272.07,1017465261.0,72552
State,California,02/28/2009,322724,174255,3084124,2748725,312.12,827844443.0,61712
State,California,01/31/2009,363367,179848,3014591,2666657,312.33,805384502.0,65256
State,California,12/31/2008,356558,173982,3122017,2764319,308.51,823062365.0,64746
State,California,11/30/2008,292913,120776,2050472,1788336,306.82,527323795.0,45262
State,California,10/31/2008,289594,119823,2281066,1998787,307.39,589050871.0,54760
State,California,09/30/2008,224953,101676,2140545,1889012,306.03,555091800.0,48403
State,California,08/31/2008,227653,109899,2011602,1749577,305.35,514709348.0,46613
State,California,07/31/2008,266931,120527,2175996,1906757,307.51,565688567.0,49642
State,California,06/30/2008,223559,91567,1913033,1699377,308.74,505128467.0,43944
State,California,05/31/2008,204436,98026,1953372,1726511,307.33,510201506.0,47063
State,California,04/30/2008,236112,107304,2282218,2032619,304.39,597840332.0,50587
State,California,03/31/2008,201504,110466,2039328,1824211,305.08,538012006.0,39434
State,California,02/29/2008,213591,114489,2006647,1755508,308.73,523985549.0,38700
State,California,01/31/2008,261961,120693,2181963,1895370,309.11,568002017.0,44520
State,California,12/31/2007,214371,94751,1811375,1572863,302.01,459826692.0,37547
State,California,11/30/2007,219151,88454,1590385,1372534,303.29,400951244.0,35579
State,California,10/31/2007,216791,82516,1629349,1413250,304.11,414376131.0,36878
State,California,09/30/2007,155790,67712,1366563,1196668,302.93,349096004.0,29360
State,California,08/31/2007,184416,82573,1634211,1428442,300.46,414401946.0,35126
State,California,07/31/2007,189336,86284,1553106,1351248,300.04,391274430.0,34694
State,California,06/30/2007,185261,74984,1457948,1280264,301.61,371523529.0,33137
State,California,05/31/2007,184060,81889,1657651,1471212,297.57,421683373.0,41122
State,California,04/30/2007,186152,77377,1623014,1449408,290.69,407270274.0,38307
State,California,03/31/2007,182477,84115,1659221,1485656,292.38,419362076.0,33810
State,California,02/28/2007,178323,89799,1612040,1434151,292.05,404784241.0,33435
State,California,01/31/2007,223020,107258,1859784,1649811,293.93,470322216.0,40720
State,California,12/31/2006,196954,82598,1480521,1308843,290.27,367168222.0,32322
State,California,11/30/2006,194699,79669,1455060,1280167,292.29,361074798.0,32275
State,California,10/31/2006,177365,70322,1313172,1153409,293.3,325824710.0,30870
State,California,09/30/2006,148617,59643,1251233,1106646,293.35,312025191.0,27253
State,California,08/31/2006,171236,78204,1489320,1315100,290.91,369902549.0,33147
State,California,07/31/2006,169519,77359,1349516,1187805,292.13,334878018.0,32184
State,California,06/30/2006,174839,74505,1465879,1299837,294.72,368892569.0,33414
State,California,05/31/2006,174640,75039,1515343,1352898,288.28,376179330.0,38694
State,California,04/30/2006,177745,74987,1518427,1358385,286.13,374680895.0,35507
State,California,03/31/2006,186512,87550,1726479,1555381,284.43,427574270.0,35757
State,California,02/28/2006,160137,85368,1504953,1349457,282.85,369057262.0,32106
State,California,01/31/2006,203306,102263,1650217,1473329,283.74,405295508.0,37331
State,California,12/31/2005,187582,78703,1469570,1311280,279.34,353176084.0,34531
State,California,11/30/2005,179593,76666,1410515,1252769,280.11,337588740.0,33580
State,California,10/31/2005,161013,63522,1249085,1111090,283.49,302611519.0,32778
State,California,09/30/2005,154040,59560,1323857,1186009,284.3,322752769.0,31594
State,California,08/31/2005,163337,78429,1578047,1414644,282.29,384408978.0,38260
State,California,07/31/2005,163532,76550,1420673,1264420,284.68,345761940.0,36277
State,California,06/30/2005,182042,78830,1642528,1478598,284.36,404526144.0,38473
State,California,05/31/2005,168682,77332,1557716,1401489,279.42,376532031.0,41785
State,California,04/30/2005,190003,78054,1671020,1519034,274.23,400584717.0,42691
State,California,03/31/2005,197999,91853,1942963,1772865,270.86,462628275.0,41847
State,California,02/28/2005,192678,99940,1758077,1590619,268.36,411363281.0,40452
State,California,01/31/2005,232040,115540,1834024,1649468,266.4,424529397.0,44514
State,California,12/31/2004,225503,96771,1896941,1715071,261.51,431955429.0,43675
State,California,11/30/2004,211673,93110,1668383,1489633,261.27,373620609.0,40947
State,California,10/31/2004,195495,74419,1458024,1300611,264.85,329752775.0,38211
State,California,09/30/2004,177124,74441,1656166,1491613,265.95,381135768.0,41653
State,California,08/31/2004,180898,85986,1730272,1545157,263.95,393337235.0,43814
State,California,07/31/2004,201957,95038,1717514,1523352,267.19,391225116.0,45647
State,California,06/30/2004,212211,88814,1909450,1717168,265.32,438816971.0,45682
State,California,05/31/2004,175135,80959,1707550,1532006,261.91,385766066.0,47668
State,California,04/30/2004,219127,100637,2079327,1883356,257.75,467930085.0,55660
State,California,03/31/2004,212986,105160,2230245,2002117,254.61,492479944.0,53823
State,California,02/29/2004,212921,105150,2018183,1795066,253.01,439392387.0,49385
State,California,01/31/2004,238913,110931,2171948,1942879,252.07,474195616.0,59634
State,California,12/31/2003,237389,114166,2436270,2183800,247.92,523461891.0,59636
State,California,11/30/2003,220988,98739,1924926,1707997,250.53,412790239.0,51315
State,California,10/31/2003,270168,102617,2110940,1904503,254.03,465347524.0,59234
State,California,09/30/2003,214184,89042,2083029,1890277,253.94,463007020.0,55015
State,California,08/31/2003,206708,98069,2078751,1877263,253.35,459804034.0,54306
State,California,07/31/2003,265443,131419,2449792,2209119,255.87,547112725.0,64938
State,California,06/30/2003,243902,102019,2225460,2016993,253.96,495341633.0,54381
State,California,05/31/2003,234383,109444,2330067,2115506,249.58,509933816.0,62570
State,California,04/30/2003,276561,128222,2688032,2444832,242.19,575033506.0,65362
State,California,03/31/2003,234667,119322,2405039,2183993,237.61,504165069.0,52225
State,California,02/28/2003,247636,134974,2328337,2105902,234.01,483795969.0,53219
State,California,01/31/2003,302588,151963,2598639,2348374,229.76,525981989.0,61579
State,California,12/31/2002,264057,124331,2366705,2144393,225.61,484254142.0,56771
State,California,11/30/2002,252436,115667,2022735,1818249,229.06,408024289.0,53049
State,California,10/31/2002,280619,111920,2192029,1969619,234.26,600874822.0,58782
State,California,09/30/2002,213485,88515,1996845,1794640,234.39,413846585.0,53456
State,California,08/31/2002,227386,104382,2153746,1942382,233.19,578291376.0,63299
State,California,07/31/2002,263372,121337,2414208,2186132,231.03,492904606.0,67548
State,California,06/30/2002,223905,93071,2080084,1893293,228.28,420873476.0,43770
State,California,05/31/2002,245179,115397,2485757,2265541,219.95,484935745.0,62860
State,California,04/30/2002,268700,109601,2539742,2328858,209.64,476647644.0,60126
State,California,03/31/2002,243862,118048,2499514,2277430,202.51,450039590.0,49295
State,California,02/28/2002,241496,148468,2438858,2198011,194.77,418377643.0,47746
State,California,01/31/2002,339820,150770,2613293,2350110,179.45,412481948.0,54140
State,California,12/31/2001,208749,111538,2284218,2067238,176.4,356203888.0,44844
State,California,11/30/2001,270530,130439,2129429,1885482,178.27,327429753.0,44575
State,California,10/31/2001,290179,125060,2113200,1866819,178.79,325518756.0,42573
State,California,09/30/2001,202291,81989,1680253,1496799,178.02,260242490.0,32789
State,California,08/31/2001,227456,109269,1995983,1767821,176.73,305505485.0,36832
State,California,07/31/2001,225807,109343,1902400,1636500,174.26,278730487.0,31913
State,California,06/30/2001,221855,97052,1695489,1488063,173.63,251928351.0,31907
State,California,05/31/2001,233297,107318,1842365,1624121,169.73,269016973.0,37149
State,California,04/30/2001,212781,92869,1731264,1533845,164.71,246643567.0,31807
State,California,03/31/2001,228324,110337,1832618,1609870,164.15,257506681.0,30388
State,California,02/28/2001,226427,111378,1616496,1419651,163.1,226054135.0,29308
State,California,01/31/2001,234287,102544,1812321,1611962,161.65,255084704.0,33412
State,California,12/31/2000,200895,88841,1450559,1274761,158.64,197185550.0,28087
State,California,11/30/2000,230656,95717,1431081,1242613,159.1,192313211.0,29109
State,California,10/31/2000,209046,67927,1247317,1083868,159.53,167846403.0,26530
State,California,09/30/2000,168108,58702,1154025,1002165,160.31,156006122.0,24894
State,California,08/31/2000,189340,78465,1411186,1229630,160.86,192613198.0,30499
State,California,07/31/2000,183084,76149,1310146,1140291,160.89,178486110.0,28770
State,California,06/30/2000,209388,74465,1392771,1219458,162.76,193145163.0,32722
State,California,05/31/2000,198644,69253,1439066,1276395,160.46,199304810.0,35145
State,California,04/30/2000,167425,62086,1442246,1298856,158.36,200331357.0,31190
State,California,03/31/2000,213519,101615,1919183,1707681,160.17,265954781.0,36194
State,California,02/29/2000,238284,109130,1683597,1486872,160.37,232105017.0,32433
State,California,01/31/2000,227365,90983,1718410,1536740,158.92,238478778.0,35217
State,California,12/31/1999,216808,101857,1726997,1528877,157.59,234580450.0,34416
State,California,11/30/1999,249267,93345,1458984,1277485,157.98,195972775.0,32721
State,California,10/31/1999,200966,66970,1261676,1104883,160.09,171135952.0,28047
State,California,09/30/1999,184795,70431,1388526,1258618,160.75,196185592.0,31941
State,California,08/31/1999,193442,77910,1439102,1295482,159.58,201085986.0,32759
State,California,07/31/1999,204189,81908,1466530,1319048,160.41,205082399.0,33119
State,California,06/30/1999,220317,81976,1596691,1448901,160.35,225856315.0,38277
State,California,05/31/1999,191771,78037,1519190,1382281,157.7,211720253.0,38267
State,California,04/30/1999,215169,80048,1744889,1607301,156.27,243526974.0,37330
State,California,03/31/1999,239040,109265,2044874,1873510,156.31,285136393.0,38444
State,California,02/28/1999,246611,110567,1704536,1539027,157.07,234882886.0,33324
State,California,01/31/1999,234102,95212,1730770,1567112,156.49,238817078.0,33939
State,California,12/31/1998,259789,114653,1870311,1690955,155.23,255215935.0,36047
State,California,11/30/1998,250490,99074,1425599,1271918,154.96,191231572.0,30531
State,California,10/31/1998,224692,73419,1292318,1153745,156.81,174784283.0,28312
State,California,09/30/1998,189750,69043,1384611,1248491,156.03,189082500.0,30302
State,California,08/31/1998,191107,78374,1384315,1234154,155.16,186169078.0,30415
State,California,07/31/1998,226863,89218,1541967,1373085,156.34,207993391.0,32182
State,California,06/30/1998,232451,80162,1496212,1343684,156.39,203589554.0,34768
State,California,05/31/1998,224312,74083,1439748,1304664,154.68,194917617.0,34748
State,California,04/30/1998,234129,82029,1768566,1627236,152.28,240007391.0,37215
State,California,03/31/1998,254367,102595,1926322,1722060,151.51,253353345.0,36758
State,California,02/28/1998,279151,113253,1690865,1502463,152.93,222780979.0,33666
State,California,01/31/1998,264889,98921,1783045,1579187,152.2,233399387.0,36409
State,California,12/31/1997,274549,109912,1945080,1722739,149.4,249841912.0,38170
State,California,11/30/1997,246960,86570,1395038,1215144,149.27,175660020.0,30101
State,California,10/31/1997,266473,81400,1516746,1317841,151.18,192020203.0,32833
State,California,09/30/1997,234826,68999,1443900,1262423,151.7,185415715.0,30543
State,California,08/31/1997,225072,74809,1406435,1216628,152.17,179491287.0,29826
State,California,07/31/1997,253041,95304,1689507,1468339,153.39,218068922.0,35154
State,California,06/30/1997,256347,78110,1478754,1291459,155.02,193438106.0,33814
State,California,05/31/1997,236321,76715,1528288,1353704,154.49,201757520.0,36376
State,California,04/30/1997,241685,81988,1825351,1628503,151.64,239330094.0,39573
State,California,03/31/1997,243789,90286,1846337,1661659,150.03,241824635.0,38437
State,California,02/28/1997,259601,110929,1816807,1611259,151.93,237099524.0,36689
State,California,01/31/1997,327285,117543,2207310,1906741,152.6,280926261.0,43629
State,California,12/31/1996,312407,114135,2113871,1821024,150.29,264756471.0,41953
State,California,11/30/1996,280167,92415,1563604,1325901,149.92,191575943.0,33009
State,California,10/31/1996,280530,90210,1789527,1546599,151.44,225903150.0,39536
State,California,09/30/1996,234641,72869,1532508,1312718,152.36,193262742.0,35102
State,California,08/31/1996,243527,84927,1718792,1471441,152.78,217545112.0,38920
State,California,07/31/1996,268192,102248,1909520,1632081,153.19,241882537.0,41399
State,California,06/30/1996,256847,79906,1646644,1417681,155.25,212244173.0,38867
State,California,05/31/1996,272818,90452,1963263,1712524,154.5,254959866.0,45980
State,California,04/30/1996,263493,87984,2098641,1848581,151.64,271452352.0,45474
State,California,03/31/1996,279532,109626,2163735,1883230,152.23,276854263.0,42797
State,California,02/29/1996,317555,129920,2192928,1899290,153.31,282051139.0,44379
State,California,01/31/1996,321919,123587,2346299,2047581,152.41,302965380.0,48002
State,California,12/31/1995,292080,105247,1925909,1670880,150.74,243901473.0,40460
State,California,11/30/1995,299099,107632,1937016,1668961,151.41,244251766.0,42224
State,California,10/31/1995,286208,87593,1734781,1487887,153.05,219793473.0,37674
State,California,09/30/1995,236235,75289,1622555,1434272,153.54,212656708.0,37387
State,California,08/31/1995,263767,97044,1904552,1682486,153.27,249885489.0,43121
State,California,07/31/1995,254414,95405,1747614,1535261,155.41,230799404.0,40892
State,California,06/30/1995,282217,92363,1869421,1669185,156.76,252718779.0,44561
State,California,05/31/1995,283380,101275,2002494,1790469,154.92,267947923.0,46838
State,California,04/30/1995,257907,82077,1921831,1745845,152.82,258205821.0,42497
State,California,03/31/1995,321541,117445,2376896,2155661,152.9,318889547.0,49687
State,California,02/28/1995,291864,128396,2059735,1845698,153.93,276334759.0,44275
State,California,01/31/1995,351583,134290,2309466,2073183,153.9,309767168.0,50489
State,California,12/31/1994,290161,106748,2052785,1857967,152.5,273251263.0,48439
State,California,11/30/1994,317119,115780,2006983,1791808,152.36,264235067.0,50645
State,California,10/31/1994,274565,83665,1746939,1568412,153.78,233104887.0,42851
State,California,09/30/1994,257818,79422,1838996,1655295,155.11,248406909.0,45562
State,California,08/31/1994,280198,101814,2122533,1897790,154.73,285569425.0,52682
State,California,07/31/1994,258862,99232,1979609,1772961,155.32,267021290.0,49825
State,California,06/30/1994,301858,106674,2230651,2011160,156.86,305857238.0,54979
State,California,05/31/1994,280461,119120,2115811,1915525,155.14,288281605.0,50565
State,California,04/30/1994,250866,91060,2118704,1948595,152.95,289689744.0,47881
State,California,03/31/1994,286870,134777,2696730,2471984,152.4,367000026.0,49795
State,California,02/28/1994,288059,145097,2194996,1998182,153.15,298077776.0,44699
State,California,01/31/1994,281348,127341,2161458,1978769,153.18,295879529.0,48692
State,California,12/31/1993,280956,129755,2308548,2104415,152.52,312546950.0,53587
State,California,11/30/1993,281035,121062,1908943,1712841,153.43,255508816.0,49135
State,California,10/31/1993,257523,86358,1734358,1575324,155.28,237507029.0,50851
State,California,09/30/1993,220878,80798,1831092,1659851,156.22,252362183.0,48570
State,California,08/31/1993,231739,94586,1908229,1717600,156.04,261324218.0,50340
State,California,07/31/1993,241254,95359,2003550,1808742,156.59,275469791.0,49781
State,California,06/30/1993,260729,92562,2086378,1889378,157.46,289150052.0,52157
State,California,05/31/1993,223039,86792,1843790,1672739,157.35,255575331.0,44313
State,California,04/30/1993,239169,93221,2239252,2067942,156.16,313994296.0,53726
State,California,03/31/1993,281509,129800,2555082,2276614,156.17,345931798.0,54516
State,California,02/28/1993,278990,123434,2149187,1972697,156.77,300799616.0,49047
State,California,01/31/1993,294988,124385,2316971,2131162,157.13,325251598.0,54108
State,California,12/31/1992,304417,121450,2420066,2215105,153.68,331905291.0,56143
State,California,11/30/1992,266588,103687,2014362,1814549,153.39,270572982.0,50250
State,California,10/31/1992,284026,99522,2139612,1924613,153.8,287397395.0,54117
State,California,09/30/1992,282401,98371,2150316,1918602,155.12,289638894.0,52812
State,California,08/31/1992,267300,103906,2169733,1933846,154.46,291021717.0,54274
State,California,07/31/1992,326322,126317,2464086,2204996,155.03,332604152.0,58075
State,California,06/30/1992,331400,107362,2273868,2051845,154.81,308732849.0,55288
State,California,05/31/1992,287798,103457,2293405,2100862,153.55,313371213.0,56837
State,California,04/30/1992,295397,118295,2656332,2443932,150.3,357821325.0,60360
State,California,03/31/1992,344811,144157,2808657,2565234,148.35,370552725.0,53889
State,California,02/29/1992,365149,158389,2546641,2309452,148.55,334364507.0,50708
State,California,01/31/1992,363186,158869,2794928,2536057,146.98,363835203.0,54832
State,California,12/31/1991,333061,136392,2416754,2175130,144.26,305646568.0,47272
State,California,11/30/1991,305032,121023,2080718,1852458,145.11,261112614.0,44312
State,California,10/31/1991,332068,116071,2189843,1929053,146.93,275207232.0,44968
State,California,09/30/1991,262383,92519,1901484,1683604,147.08,240874802.0,40365
State,California,08/31/1991,276513,110778,2132218,1900230,146.31,270866198.0,47516
State,California,07/31/1991,309209,119611,2260885,2011842,147.5,289082151.0,46311
State,California,06/30/1991,264020,93356,2031455,1836408,146.88,262219613.0,44513
State,California,05/31/1991,283215,111371,2465361,2253504,144.3,316680574.0,48905
State,California,04/30/1991,290630,133573,2672271,2423576,141.43,333777794.0,45674
State,California,03/31/1991,340357,150167,2577320,2336465,140.04,318844070.0,41321
State,California,02/28/1991,305461,151386,2255010,2021008,139.16,274919035.0,35385
State,California,01/31/1991,346302,154865,2495962,2246960,137.37,301526838.0,38368
State,California,12/31/1990,280991,117925,1940237,1744662,134.82,229612891.0,30901
State,California,11/30/1990,293948,126469,1837734,1619775,134.87,212764578.0,28913
State,California,10/31/1990,308632,109373,1678054,1462270,134.88,191552606.0,26851
State,California,09/30/1990,225171,79047,1375548,1203366,134.79,157940514.0,23573
State,California,08/31/1990,244658,99419,1608896,1402380,133.23,182067970.0,28562
State,California,07/31/1990,247164,95646,1596176,1403365,134.0,183124346.0,29003
State,California,06/30/1990,237484,81379,1412685,1257040,134.43,164208417.0,27113
State,California,05/31/1990,234467,88564,1645794,1479780,131.37,189572020.0,30201
State,California,04/30/1990,210876,81806,1582073,1439284,127.41,178900322.0,26499
State,California,03/31/1990,239694,111754,1774747,1607259,125.98,197369256.0,27712
State,California,02/28/1990,244688,112196,1495060,1315200,127.09,163333803.0,24165
State,California,01/31/1990,280751,105941,1671920,1503050,123.42,181284579.0,28477
State,California,12/31/1989,205357,85393,1354149,1233588,120.8,145250669.0,23306
State,California,11/30/1989,231790,99487,1402254,1250899,120.5,146378601.0,23976
State,California,10/31/1989,240112,74576,1220184,1067751,122.01,126482425.0,21565
State,California,09/30/1989,187188,64029,1181259,992138,121.62,118109042.0,20254
State,California,08/31/1989,205195,86274,1426099,1190897,122.1,141970044.0,23863
State,California,07/31/1989,198653,78280,1247904,1034458,123.47,124299579.0,20927
State,California,06/30/1989,218356,74947,1301934,1090322,124.95,132098304.0,25544
State,California,05/31/1989,204898,76938,1409567,1193189,123.51,143152510.0,26674
State,California,04/30/1989,183088,72793,1405579,1210483,121.34,143041324.0,23665
State,California,03/31/1989,237815,110471,1753339,1506831,121.22,177998638.0,27564
State,California,02/28/1989,217911,97216,1425683,1214142,122.59,144898539.0,24061
State,California,01/31/1989,228770,103278,1567901,1342458,123.3,161305366.0,26029
State,California,12/31/1988,224993,88331,1407360,1204731,121.36,142088367.0,24888
State,California,11/30/1988,225827,86728,1321034,1114050,122.12,132159307.0,24587
State,California,10/31/1988,192905,63158,1133127,942914,122.45,111911925.0,20782
State,California,09/30/1988,193978,62816,1215238,1011592,122.43,120377279.0,22311
State,California,08/31/1988,191564,83141,1433672,1190417,122.82,142602371.0,25522
State,California,07/31/1988,201792,75503,1261140,1045293,123.04,125014305.0,23043
State,California,06/30/1988,211255,74820,1413482,1193516,123.74,143466679.0,29043
State,California,05/31/1988,190637,76288,1383608,1178686,122.72,140304718.0,26624
State,California,04/30/1988,190098,72067,1425710,1234283,120.99,145295081.0,25688
State,California,03/31/1988,231085,100190,1700017,1508517,120.9,177727425.0,29042
State,California,02/29/1988,230378,94505,1434436,1269006,122.4,151220085.0,26165
State,California,01/31/1988,223321,90692,1471571,1310934,122.97,157066637.0,26912
State,California,12/31/1987,238295,97051,1572275,1384366,121.29,163331442.0,28207
State,California,11/30/1987,222164,78557,1226964,1063313,121.3,124957362.0,24181
State,California,10/31/1987,208182,64987,1145548,990320,121.5,116420372.0,22945
State,California,09/30/1987,185529,64347,1269031,1112686,121.97,132054380.0,26034
State,California,08/31/1987,179286,71613,1266428,1097887,121.83,130674885.0,26397
State,California,07/31/1987,212024,80826,1387174,1202568,122.52,143495634.0,29298
State,California,06/30/1987,210617,71312,1419807,1260431,123.26,151190946.0,32862
State,California,05/31/1987,170402,66820,1349611,1202798,121.78,142568543.0,31133
State,California,04/30/1987,201634,77271,1705658,1547269,119.41,180077715.0,34305
State,California,03/31/1987,231804,102897,1933868,1738753,119.89,203395289.0,35719
State,California,02/28/1987,239420,106408,1613497,1435536,120.78,169225427.0,31086
State,California,01/31/1987,256884,104241,1723826,1547840,121.23,183244044.0,34732
State,California,12/31/1986,262309,105490,1860904,1681273,119.69,196407627.0,37985
State,California,11/30/1986,210991,85635,1386003,1225379,119.14,142237490.0,29157
State,California,10/31/1986,242791,81269,1527269,1363384,119.12,157641015.0,32985
State,California,09/30/1986,226391,74570,1527223,1366319,119.01,156850469.0,31666
State,California,08/31/1986,212986,83693,1487348,1321127,118.83,151403460.0,30303
State,California,07/31/1986,249607,92713,1734463,1536733,118.82,176666957.0,34153
State,California,06/30/1986,232714,76847,1552182,1398891,118.95,159926479.0,34419
State,California,05/31/1986,216085,84904,1654626,1491146,118.01,169433599.0,37119
State,California,04/30/1986,236408,91347,1942490,1774506,117.01,200706254.0,36706
State,California,03/31/1986,267551,106982,1924989,1736838,117.15,196438663.0,34540
State,California,02/28/1986,274023,114495,1764419,1583323,117.86,179882862.0,32427
State,California,01/31/1986,314954,116000,2006542,1820259,117.72,205589115.0,37762
State,California,12/31/1985,295326,109534,1911208,1716604,116.55,191950720.0,34745
State,California,11/30/1985,271159,91137,1509856,1344342,115.74,148131089.0,30093
State,California,10/31/1985,317077,91795,1677713,1496070,115.73,161168293.0,32741
State,California,09/30/1985,256680,89613,1497515,1323810,114.62,140855722.0,27615
State,California,08/31/1985,239477,92406,1594458,1402205,114.18,152625366.0,30400
State,California,07/31/1985,252399,96673,1731471,1542563,112.31,169368118.0,32413
State,California,06/30/1985,227917,76030,1460096,1307691,111.99,143301299.0,31174
State,California,05/31/1985,237201,89582,1712884,1542744,110.58,166855048.0,36222
State,California,04/30/1985,236274,90119,1842352,1680172,110.26,181496584.0,33474
State,California,03/31/1985,234767,98639,1748391,1584816,110.77,171837736.0,31549
State,California,02/28/1985,240641,108187,1637896,1477775,111.84,161834324.0,29519
State,California,01/31/1985,275149,106305,1921752,1753929,112.66,193379310.0,34164
State,California,12/31/1984,225006,92712,1557838,1416877,111.12,153832880.0,27944
State,California,11/30/1984,251847,92451,1468802,1320364,109.87,141270672.0,28078
State,California,10/31/1984,254562,81757,1457861,1296608,109.63,138564912.0,28332
State,California,09/30/1984,187282,62045,1218318,1081967,109.85,115531096.0,23662
State,California,08/31/1984,214544,82920,1459211,1292234,109.6,138000960.0,28143
State,California,07/31/1984,213033,81527,1434834,1267574,110.2,135750544.0,28011
State,California,06/30/1984,218664,68115,1415277,1162651,112.89,126853936.0,28822
State,California,05/31/1984,204351,76016,1497495,1340150,115.85,150071392.0,34624
State,California,04/30/1984,190927,69534,1485523,1334364,115.66,149818944.0,31416
State,California,03/31/1984,218009,92182,1680975,1491050,113.33,164545616.0,34255
State,California,02/29/1984,238149,102120,1638510,1479974,111.92,161240848.0,34028
State,California,01/31/1984,237911,89250,1787752,1638100,112.29,179355488.0,37940
State,California,12/31/1983,229549,89255,1687022,1526978,110.32,163909008.0,36234
State,California,11/30/1983,260358,89828,1655942,1490136,109.66,160080768.0,38381
State,California,10/31/1983,230078,70949,1438710,1289581,109.18,137142912.0,33867
State,California,09/30/1983,213667,71627,1570839,1405517,108.98,149487808.0,38404
State,California,08/31/1983,242259,89617,1914969,1726042,109.43,185058624.0,47771
State,California,07/31/1983,224436,83927,1695083,1510367,109.76,162344896.0,42538
State,California,06/30/1983,259546,88052,2081860,1895166,109.03,202147376.0,52594
State,California,05/31/1983,246436,90949,2135056,1947403,107.69,205711584.0,55413
State,California,04/30/1983,250522,98648,2355271,2170152,106.69,227022000.0,53019
State,California,03/31/1983,336751,143430,2920627,2656834,106.06,276209824.0,59684
State,California,02/28/1983,308062,137086,2411764,2160780,104.84,222732880.0,51985
State,California,01/31/1983,332671,122686,2424149,2203072,102.69,223286400.0,53499
State,California,12/31/1982,328907,139256,2697874,2431697,101.77,242374704.0,55245
State,California,11/30/1982,349428,125814,2342528,2073491,101.14,205501216.0,48711
State,California,10/31/1982,296253,97517,2039855,1801701,100.82,177979600.0,41401
State,California,09/30/1982,280697,101452,2179952,1938903,100.44,191238672.0,45309
State,California,08/31/1982,287830,113751,2238753,1993881,100.12,196486400.0,47141
State,California,07/31/1982,293032,120633,2163561,1916945,100.53,189415728.0,44359
State,California,06/30/1982,294500,102845,2248987,2022002,100.26,198910272.0,50332
State,California,05/31/1982,243227,87558,2045664,1836878,99.83,180045696.0,43742
State,California,04/30/1982,296771,102455,2406352,2172556,99.35,211835104.0,43359
State,California,03/31/1982,318872,122524,2515949,2253757,98.5,218152112.0,41812
State,California,02/28/1982,286054,112350,2006805,1790271,97.99,172316912.0,33819
State,California,01/31/1982,297033,100837,1982739,1779835,97.15,169709488.0,33109
State,California,12/31/1981,290679,112678,2111071,1878397,95.62,176246112.0,34360
State,California,11/30/1981,276176,88280,1573297,1366014,94.65,126869392.0,27289
State,California,10/31/1981,271463,76746,1440949,1247286,94.0,114892208.0,25099
State,California,09/30/1981,224248,73111,1506584,1321388,93.11,120888024.0,26424
State,California,08/31/1981,224957,80981,1443945,1258335,92.18,114272448.0,25085
State,California,07/31/1981,250482,94901,1557808,1346327,91.87,121741976.0,26928
State,California,06/30/1981,241130,72137,1457848,1286696,91.45,115638464.0,29316
State,California,05/31/1981,179783,71224,1385478,1238537,90.27,109720976.0,28550
State,California,04/30/1981,208903,79994,1699364,1532859,90.01,135554352.0,30569
State,California,03/31/1981,242917,103198,1894488,1689031,90.12,149664544.0,32248
State,California,02/28/1981,240385,108487,1686230,1449618,89.97,128284112.0,30519
State,California,01/31/1981,270533,98289,1744922,1508812,89.39,132684272.0,33346
State,California,12/31/1980,258336,95584,1807354,1558194,88.43,135685056.0,34643
State,California,11/30/1980,212372,71811,1385809,1180184,88.38,102666104.0,28959
State,California,10/31/1980,237606,78552,1627610,1387398,88.35,120593640.0,31569
State,California,09/30/1980,203305,74853,1620813,1359828,87.86,117777824.0,26753
State,California,08/31/1980,211446,85222,1560634,1358460,87.67,117559496.0,25426
State,California,07/31/1980,255471,96121,1779832,1535774,87.43,133448000.0,29670
State,California,06/30/1980,245020,80583,1540045,1334275,87.78,115537632.0,28327
State,California,05/31/1980,231808,93475,1538957,1340718,86.61,114420800.0,28334
State,California,04/30/1980,230691,78985,1643181,1445790,85.25,121520808.0,27348
State,California,03/31/1980,236098,94217,1656390,1467767,84.89,122758936.0,25066
State,California,02/29/1980,264087,107296,1564713,1356057,83.36,111494688.0,25651
State,California,01/31/1980,305292,111299,1660616,1454110,81.32,117187272.0,25570
State,California,12/31/1979,214063,75617,1255220,1107492,79.69,87753520.0,20655
State,California,11/30/1979,219340,78640,1171383,1005358,78.93,78866176.0,21066
State,California,10/31/1979,222743,67757,1127920,968863,78.57,75643920.0,20187
State,California,09/30/1979,153540,54839,983814,850093,77.84,65760780.0,17193
State,California,08/31/1979,195848,77521,1200637,1023382,77.14,78436688.0,20650
State,California,07/31/1979,191144,70958,1178599,1014718,76.97,77592552.0,21708
State,California,06/30/1979,191271,76528,1089239,953217,77.41,73170216.0,24255
State,California,05/31/1979,186559,71129,1337128,1174008,77.77,90549328.0,29213
State,California,04/30/1979,202873,73230,1354194,1209358,77.08,92425960.0,24912
State,California,03/31/1979,211627,116954,1540283,1337003,77.73,102285064.0,31247
State,California,02/28/1979,232090,113218,1372457,1223979,77.63,93808432.0,22378
State,California,01/31/1979,266366,100129,1598635,1420557,77.32,108642072.0,25857
State,California,12/31/1978,201386,86340,1226481,1073551,76.59,81180416.0,20922
State,California,11/30/1978,224484,75072,1186974,1031450,75.81,77309232.0,19274
State,California,10/31/1978,188892,72056,1123464,963602,75.82,72075312.0,17848
State,California,09/30/1978,168721,80492,1138986,989891,75.66,73963552.0,18036
State,California,08/31/1978,223144,125035,1560296,1328123,77.33,101761864.0,18657
State,California,07/31/1978,223111,84482,1242405,1001465,75.66,75036416.0,16482
State,California,06/30/1978,202194,103707,1160279,1019046,75.65,75697448.0,31965
State,California,05/31/1978,179696,69326,1347827,1201669,75.55,89579304.0,24891
State,California,04/30/1978,175084,80942,1296436,1181394,75.37,87675080.0,27057
State,California,03/31/1978,213669,112511,1663181,1512742,75.41,112729784.0,25450
State,California,02/28/1978,235141,130953,1511609,1331596,75.77,99483280.0,28317
State,California,01/31/1978,277597,113579,1688008,1480187,75.49,110457760.0,26567
State,California,12/31/1977,217654,89310,1356042,1211325,72.85,87895912.0,24037
State,California,11/30/1977,224345,78185,1307951,1129334,72.59,81260440.0,27048
State,California,10/31/1977,215572,71190,1102363,942765,72.47,67803728.0,27542
State,California,09/30/1977,197173,72589,1161575,1017228,71.75,72626552.0,28488
State,California,08/31/1977,222961,83140,1384019,1192169,71.67,85160968.0,32469
State,California,07/31/1977,209278,76310,1270615,1106905,71.99,78929248.0,23644
State,California,06/30/1977,216033,78595,1405142,1224342,72.45,89204808.0,50739
State,California,05/31/1977,221703,87555,1434573,1250308,72.92,90057888.0,35345
State,California,04/30/1977,192611,67142,1450052,1253552,72.89,91149168.0,36840
State,California,03/31/1977,202559,120889,966010,1533586,72.66,112645760.0,35273
State,California,02/28/1977,235320,94096,847062,1286853,73.33,94678824.0,37548
State,California,01/31/1977,238846,96867,902975,1396477,73.05,101694576.0,37235
State,California,12/31/1976,216985,102572,878070,1380614,72.46,99393576.0,31825
State,California,11/30/1976,221958,80943,794114,1220769,72.35,87448952.0,26610
State,California,10/31/1976,192769,68569,692537,1062698,72.26,76070304.0,23880
State,California,09/30/1976,181539,72294,758100,1174039,71.67,83791576.0,26955
State,California,08/31/1976,193355,86152,820223,1263230,71.58,89742672.0,28989
State,California,07/31/1976,203525,94873,832032,1293837,72.19,92642376.0,25944
State,California,06/30/1976,213268,91991,893737,1348914,72.1,97713160.0,38942
State,California,05/31/1976,179217,70576,833215,1214332,71.6,86999696.0,41841
State,California,04/30/1976,193785,84126,968173,1536688,70.92,108792320.0,33048
State,California,03/31/1976,220455,123080,1110865,1761643,69.93,123432200.0,34852
State,California,02/29/1976,235075,130341,981516,1488007,68.86,103337728.0,39930
State,California,01/31/1976,262032,95290,991886,1519342,68.85,103852840.0,38388
State,California,12/31/1975,234794,110353,1012191,1666349,68.26,113087112.0,36766
State,California,11/30/1975,218885,76181,795384,1206635,68.17,81312472.0,39139
State,California,10/31/1975,224411,72299,847774,1307318,67.7,88024144.0,35815
State,California,09/30/1975,189771,75874,877921,1387195,66.89,92283008.0,44204
State,California,08/31/1975,192558,77290,906080,1399150,66.64,92723056.0,46607
State,California,07/31/1975,219684,100865,1084333,1742341,67.01,115725584.0,44095
State,California,06/30/1975,223426,72363,1045488,1383786,67.66,93330312.0,54211
State,California,05/31/1975,215491,92334,1183259,1898099,67.98,127444664.0,42760
State,California,04/30/1975,229998,120755,1289841,2105154,67.94,142066096.0,37694
State,California,03/31/1975,248552,149169,1273652,2039850,67.82,136908384.0,29275
State,California,02/28/1975,287684,166235,1187009,1797467,68.17,121548800.0,29615
State,California,01/31/1975,337443,153947,1164278,1796572,67.89,120874048.0,28405
State,California,12/31/1974,287230,129180,1004361,1471730,67.27,98301760.0,24075
State,California,11/30/1974,238756,84162,732106,1024063,66.64,67472656.0,22757
State,California,10/31/1974,223494,72825,673812,973578,66.26,63626568.0,20519
State,California,09/30/1974,160844,55611,599697,835474,65.43,54222316.0,23528
State,California,08/31/1974,156996,67659,666507,969283,66.02,63209988.0,23293
State,California,07/31/1974,190804,83659,750015,1142415,65.41,73507520.0,23921
State,California,06/30/1974,168721,50818,602708,808504,64.44,51926912.0,25805
State,California,05/31/1974,163446,63777,745731,1149133,63.93,72328120.0,23659
State,California,04/30/1974,167270,74762,810207,1270877,63.68,79741048.0,22274
State,California,03/31/1974,173868,102379,808724,1202077,63.1,74926808.0,19227
State,California,02/28/1974,184071,113415,775151,1110077,62.29,68499488.0,20095
State,California,01/31/1974,267209,96368,834539,1168280,60.96,70526480.0,20873
State,California,12/31/1973,190579,82649,681042,918716,60.47,54928504.0,17709
State,California,11/30/1973,195125,59618,554773,775731,59.75,45905432.0,15925
State,California,10/31/1973,156836,49084,496592,707318,59.18,41300732.0,14472
State,California,09/30/1973,117376,47369,446980,640377,58.53,36992060.0,15987
State,California,08/31/1973,143890,57682,545281,775599,58.35,44600100.0,16913
State,California,07/31/1973,146654,58281,536107,768166,58.21,44097336.0,16480
State,California,06/30/1973,133425,49451,519173,757996,58.48,43574792.0,18803
State,California,05/31/1973,138654,48884,613535,878152,58.92,50772792.0,20697
State,California,04/30/1973,132907,54085,646852,935545,59.5,54633628.0,20319
State,California,03/31/1973,162817,86141,761407,1108210,59.67,64994900.0,19328
State,California,02/28/1973,188194,85018,706558,991464,59.63,58204156.0,20234
State,California,01/31/1973,214292,82323,765745,1088598,59.0,63369368.0,21491
State,California,12/31/1972,163944,73678,644640,875671,58.77,50692172.0,17986
State,California,11/30/1972,192699,59931,587043,813738,58.1,46574016.0,19501
State,California,10/31/1972,163235,52755,519190,800589,57.51,45151816.0,16708
State,California,09/30/1972,130889,46496,492600,696789,56.83,39067304.0,18478
State,California,08/31/1972,146536,56184,589374,770970,56.93,43381020.0,20682
State,California,07/31/1972,148408,58103,585034,819957,56.16,45591436.0,19858
State,California,06/30/1972,159066,59374,612185,900980,55.82,49535776.0,23634
State,California,05/31/1972,159527,53874,689668,951866,55.33,51905656.0,25514
State,California,04/30/1972,140814,58658,660766,972053,54.73,52745424.0,23810
State,California,03/31/1972,167247,81785,819652,1199197,54.22,63976088.0,22951
State,California,02/29/1972,194269,91858,801351,1145927,54.48,61346132.0,26161
State,California,01/31/1972,207266,83006,780509,1090079,54.44,58663168.0,26044
State,California,12/31/1971,204969,80744,744827,1078182,54.23,57779544.0,23397
State,California,11/30/1971,185086,58959,639108,915096,54.12,48744912.0,25607
State,California,10/31/1971,148453,47987,574533,818894,54.27,43613752.0,22033
State,California,09/30/1971,142236,54323,654908,940311,54.02,50022196.0,26955
State,California,08/31/1971,163014,71016,731875,1042857,53.9,55671592.0,29681
State,California,07/31/1971,169159,62976,744018,1087183,53.7,57578756.0,23965
State,California,06/30/1971,166641,62630,819539,1159954,53.92,61781928.0,36423
State,California,05/31/1971,148337,62958,781388,1141819,54.23,60918124.0,33083
State,California,04/30/1971,162239,72205,908835,1357609,54.23,72722624.0,30505
State,California,03/31/1971,189869,109014,1051803,1556830,54.33,83384136.0,29421
State,California,02/28/1971,201626,93216,924572,1350864,54.75,72782856.0,32162
State,California,01/31/1971,216319,102767,979585,1451264,55.05,78504664.0,33509
State,California,03/31/2020,1654010,215234,2071528,1836915,336.78,607273388.0,35608
State,California,04/30/2020,2354590,2040331,9901114,9005626,314.88,2816379041.0,47863
State,California,05/31/2020,1001409,872374,13411466,13118895,305.82,3940619018.0,58979
State,California,06/30/2020,1153480,508688,12588691,12385217,286.86,3401261501.0,86150
State,California,07/31/2020,1155937,367962,12226909,11969956,282.37,3196525145.0,152324
State,California,08/31/2020,881693,267361,12510255,12236685,282.35,3297872034.0,176873
State,California,09/30/2020,902627,176872,11286023,11039599,282.47,2947447940.0,750446
State,California,10/31/2020,691313,140021,7467196,7150116,281.01,1870647324.0,638777
State,California,11/30/2020,673481,114600,5791130,5527421,288.68,1461967260.0,347435
State,California,12/31/2020,782058,115624,4628100,4390571,295.7,1183137260.0,258375
State,California,01/31/2021,506052,89633,3822830,3624204,307.24,1013940578.0,208241
State,California,02/28/2021,463206,98544,2998066,2818693,311.25,783473572.0,136859
State,California,03/31/2021,384748,100683,2896462,2647868,313.49,741361489.0,115525
State,California,04/30/2021,312777,142907,2431082,2175007,315.43,632207195.0,72648
State,California,05/31/2021,298334,161384,2770442,2616694,316.92,762067261.0,72971
State,California,06/30/2021,254295,130172,2647793,2470384,318.16,727070197.0,62379
State,California,07/31/2021,266244,115439,2843448,2651703,316.92,772316834.0,70755
State,California,08/31/2021,278694,99257,2762194,2570271,318.99,759216691.0,67913
State,California,09/30/2021,278170,87945,2155882,1974637,319.22,587764873.0,82637
State,California,10/31/2021,271921,104025,2104136,1860086,308.82,541167580.0,75634
State,California,11/30/2021,234790,71473,1840562,1563172,313.69,465676555.0,58557
State,California,12/31/2021,237737,74233,1704533,1424094,320.39,436991028.0,51124
State,California,01/31/2022,245818,89719,1854063,1540938,327.94,486518634.0,51509
State,California,02/28/2022,173043,80865,1680886,1356064,330.62,434382154.0,41071
State,California,03/31/2022,190772,83307,1760358,1428153,334.1,464025749.0,45897
State,California,04/30/2022,186127,76072,1462422,1185885,337.58,393920400.0,35547
State,California,05/31/2022,190638,74857,1497940,1253607,339.78,419576897.0,38741
State,California,06/30/2022,207877,61253,1249083,1035154,341.57,350152046.0,31490
State,California,07/31/2022,177963,72042,1366382,1136401,342.08,384698653.0,33918
State,California,08/31/2022,172544,72060,1388171,1139416,344.11,389030865.0,31918
State,California,09/30/2022,150430,60688,1663330,1011366,347.29,349986050.0,28397
State,California,10/31/2022,170266,62647,1337911,1126571,351.54,392347782.0,33028
State,California,11/30/2022,191538,69685,1260568,1056180,355.78,371989404.0,30175
State,California,12/31/2022,193838,86695,1410747,1191958,359.03,425377591.0,32163
